title,detail,detail_url,author,time,img1,img2,img3
TGA移动游戏大奖赛穿越火线 CF周赛20160305 上,          <br />,http://cfm.qq.com/webplat/info/news_version3/17544/17545/17597/21085/m12811/201603/439957.shtml,穿越火线官方手游运营团队,2016-03-10 00:00:00,,,
【紧急公告】,      <br /><br />亲爱的CFer：<br /><br />收到部分玩家反馈，目前游戏登录出现异常，无法正常进入游戏。目前该问题已经修复，感谢大家的耐心等待。<br /><br />为表歉意，重新登陆游戏即领取20钻+爱心手雷+妖姬的补偿礼包，给您带来的不便还请您谅解！感谢您一直以来对《穿越火线：枪战王者》的大力支持！<br /><br />《穿越火线：枪战王者》运营团队<br />    <br />,http://cfm.qq.com/webplat/info/news_version3/17544/17545/17597/17598/m12811/201604/448289.shtml,穿越火线官方手游运营团队,2016-04-01 00:00:00,,,
【全国公开赛】三月第一周最新战报,          <br />,http://cfm.qq.com/webplat/info/news_version3/17544/17545/17597/17599/m12811/201603/438996.shtml,穿越火线官方手游运营团队,2016-03-07 00:00:00,,,
CF正版FPS手游开测 玩法丰富趣味多,      <br />　　9月21日，CF正版FPS手游《穿越火线-枪战王者》开启安卓版测试，在经过几日的探索试玩后，这一超人气FPS网游的移动端产品展现给大家的不光画面出众、操作手感优秀，同时还继承了众多端游模式，并开拓了手机端特色玩法，可以为玩家带来丰富的游戏趣味。<br /><br /><br /><br />　　《穿越火线》手游官网：<br />http://cfm.qq.com/<br /><br /><br /><br /><br /><br /><br />　　四大类别模式 满足不同玩家喜好<br /><br /><br /><br />　　虽然是一款尚处于测试期的手机游戏，但不同于普通手游的玩法单调、内容简单，《穿越火线-枪战王者》一经面世就有竞技、休闲、剧情、挑战四大类模式，而每个大类下又细分多种玩法，以竞技类模式为例，目前就已有爆破、团队、个人等多种玩法。<br /><br /><br /><br />　　参与游戏的用户若是喜欢PVP玩法，与不同玩家展开激情对战，可以选择竞技模式；若是忙里偷闲只想轻松游戏，那休闲模式则很适合；若是想要单人做主角，一路揭秘游戏背景，剧情模式就是不二选择；而如果玩家想同小伙伴们一起打怪兽、闯关卡，多人合作的挑战模式能够满足。总之，新鲜面世的CF手游已经有了众多FPS游戏精髓玩法，可以满足全体玩家的游戏喜好。<br /><br /><br /><br /><br /><br /><br /><br /><br /><br />　　完美适配移动端 奉上绝佳枪战体验<br /><br /><br /><br />　　玩法模式能够满足大众需求后，想要带给用户良好的枪战体验，操作方面也做到符合玩家心意。《穿越火线：枪战王者》在研发之初便根据手机端的操作特点，进行了针对枪战玩家习惯的定制化适配与优化。<br /><br /><br /><br />　　游戏采用双摇杆操作方式，左手控制角色移动，右手控制瞄准和射击，精准的摇杆移动能够让玩家快速上手。同时《穿越火线：枪战王者》为了确保玩家能有最好的操作手感，端游开发团队原班人马针对操作进行了上万次测试，因此，玩家在这一手游上也能体验到不亚于端游的爽快、真实的枪战乐趣。<br /><br /><br /><br /><br /><br /><br />　　CF正版FPS手游《穿越火线-枪战王者》已于9月21日开启测试， 四大类别游戏模式，完美适配移动端的操作方式，让玩家在手游中也能获得纯正、丰富，而又极具趣味的FPS枪战体验！<br /><br /><br /><br />　　更多详情请关注：<br /><br />　　CF正版FPS手游官方网站：<br />http://cfm.qq.com<br />　　CF正版FPS手游官方微博：<br />http://weibo.com/cf2015<br />　<br />　　CF正版FPS手游官方论坛：<br />http://cfm.bbs.g.qq.com<br /><br /><br />    <br />,http://cfm.qq.com/webplat/info/news_version3/17544/17545/17597/17599/m12811/201509/382848.shtml,穿越火线官方手游运营团队,2015-09-29 00:00:00,http://ossweb-img.qq.com/upload/webplat/info/cfm/201509/1443492925_1436653066_21877_imageAddr.jpg,http://ossweb-img.qq.com/upload/webplat/info/cfm/201509/1443492947_1436653066_22449_imageAddr.jpg,http://ossweb-img.qq.com/upload/webplat/info/cfm/201509/1443492961_1436653066_23705_imageAddr.jpg
喵喵酱残局经验 处变不惊方为制胜法则,          <br />,http://cfm.qq.com/webplat/info/news_version3/17544/17545/17597/17599/m12811/201603/438472.shtml,穿越火线官方手游运营团队,2016-03-05 00:00:00,,,
真·教你如何免费获取钻石！,          <br />,http://cfm.qq.com/webplat/info/news_version3/17544/17545/17597/17599/m12811/201604/448181.shtml,穿越火线官方手游运营团队,2016-04-01 00:00:00,,,
iOS更新异常公告及解决方法【已修复】,      <br />亲爱的cfer：<br /> <br />犇壳耙丫薷蠢习姹疚薹ㄖ苯痈碌阶钚掳姹尽⒊鱿帧拔薹拥桨姹痉衿鳌钡奈侍狻<br />如果玩家仍出现此类问题，请前往App Store下载最新版本。<br />《穿越火线：枪战王者》运营团队<br />    <br />,http://cfm.qq.com/webplat/info/news_version3/17544/17545/17597/17598/m12811/201603/442405.shtml,穿越火线官方手游运营团队,2016-03-18 00:00:00,,,
官方倾力打造全新栏目--手游体验官上线,      <br />　　Hi 兄弟！最近火爆的抢码活动是不是让你们很亢奋呢？听说有的小伙伴三天三夜不睡等待抢码！这种精神也是让火线姐折服！9月21日CF官方FPS手游首测以来，引来了各方关注，其强大的IP、流畅的操作方式、自由移动射击带来的快感吸引了大量玩家，其中也包括很多CF明星大神前来体验。<br /><br /><br /><br />　　本期首测明星体验官将会迎来哪位大神呢？他又给我们带来了什么样与CF手游的小故事呢？还在等什么，让我们一起去看看本期的视频吧！<br /><br /><br /><br />    <br />,http://cfm.qq.com/webplat/info/news_version3/17544/17545/17597/17599/m12811/201509/380683.shtml,穿越火线官方手游运营团队,2015-09-23 00:00:00,http://v.qq.com/iframe/player.html?vid=k00188lxlt9&tiny=0&auto=0,,
第三批精英体验服玩家测试团招募公告【限时】,      <br />第三批精英体验服玩家测试团招募公告【限时】<br /><br />体验服玩家测试团：是穿越火线手游（简称CFM，后面全部用CFM代替）官方运营团队下由精英玩家组成的团队，通过体验服提前测试体验新地图、新系统、新玩法、新枪械等。经过充分的测试及时把问题和意见反馈给官方，从而提升游戏质量。为了更好的提高意见反馈率，发现游戏bug，提升产品品质，现公开招募成员。加入到我们的体验服测试，你可以享受到，前所未有的福利！<br /><br /><br /><br />招募时间：<br />4<br />月<br />1<br />日<br />4<br />月<br />4<br />日<br /><br />限招人数：400人<br /><br />招募步骤：<br /><br />　　1、通过论坛、官网、游戏内公告对玩家进行招募。<br /><br />　　2、招募期间符合要求玩家会按照招募邮箱回执通知。<br /><br />　　3、加入CFM新版本测试团考核群进行考核（1个版本周期）。<br /><br />招募条件<br />（请仔细阅读）<br />：<br /><br /><br />具有稳定的在线时间（测试期间3小时/天），充足的手机流量（保证测试期间能够正常上线测试）；<br /><br />请确定体验期间，能每天晚上7-9点准时上线，并使用PC电脑进行excel文档编辑bug文档<br />，注意：如不满足此条件，请不要参与报名；<br /><br /><br />　　3、了解且支持腾讯游戏，热爱CFM；游戏内等级在50级以上<br />；(达不到50级请特别说明)；<br /><br />　　4、工作认真细致，有耐心，能独立工作并有较强的团队合作和沟通能力，工作态度积极主动；<br /><br />　　5、具有一定的文字表达能力，会使用office文字处理软件及表格；<br /><br />　　6、在游戏和论坛中无不良记录，年满18周岁；<br /><br />　　7、须提供个人真实信息，如：QQ号、游戏内ID、游戏大区、姓名、游戏内个人信息截图等信息。（测试团将对个人资料严格保密。无法提供者将不被录用）；<br /><br />8、保证能长期按时完成任务，同时能接受紧急和特殊任务，三分钟热度的玩家请慎重考虑是否加入；<br /><br />9、体验服测试，只针对安卓手Q开放，如果不具备安卓设备和使用手Q登录，请不要申请。<br /><br />测试团成员职责：<br /><br />1、游戏体验建议收集；<br /><br />2、游戏BUG收集；<br /><br />3、撰写测试体验报告；<br /><br />4、服从测试团小组的管理，不泄露任何关于游戏内容的信息（直播，诈骗等），不出售体验服资格，一旦发现，永久封号。<br /><br />测试团成员福利：<br /><br />1、优先享有体验新版本和新内容的资格。包括最新炫酷枪械，新玩法等；<br /><br />2、测试期间提供测试所在区的钻石以及道具等相关测试资源；<br /><br />3、发现bug，并收集相关信息，经相关工作人员核实无误后，有钻石和QB奖励；（奖励丰厚）<br /><br />4、提供一条建议、意见者，最终被采纳，有钻石奖励；（奖励丰厚）<br /><br />5、重复提交bug不予奖励；<br /><br />6、体验服版本测试结束后，对各个项目最优成员给予数目不等的奖励；<br /><br />满足以上条件者<br />（按以下步骤申请）<br />：<br /><br />1、请按照以下格式填写资料，并以附件添加word文档的形式；<br /><br />　　2、请发送到<br />37840232@qq.com<br />；<br />729192994@qq.com<br />(两个邮箱都需发送)（邮件和文档的标题统一为日期-游戏大区、ID-申请加入CFM测试团）。请大家务必注意认准官方公布的上述邮箱，不要相信其他邮箱。<br /><br />　　例：03月30日-安卓手Q丨XXXX-申请加入CFM测试团<br /><br />　　<br />请注意：格试不正确者，一律视为无效邮件邮件必须用Word文档提交；<br /><br />　　测试团管理会在5天内，对于符合要求的玩家予以回复，并通知加入各个小组（ABCD四个小组），请各位玩家注意自己的邮箱。(回复的邮件可能会被出现在垃圾箱，请大家届时到垃圾箱也看下有没有)<br /><br />牋<br /><br />WORD格式内容（请务必按照以下内容填写）<br /><br />正式服内登录游戏的QQ号码/微信号码（用于福利发放）：牋例如：手Q：100000/微信：abcdefg牋牋<br /><br />QQ号（加群和体验服体验必须使用的账号）：例如，QQ号：100000牋牋牋牋<br /><br />游戏昵称：犂纾┰交鹣呤钟<br /><br />游戏大区：犂纾沧渴諵<br /><br />（以上所有账号信息，一经测试团确定便一直绑定且正常情况下不允许修改）<br /><br />游戏等级：犂纾0级<br /><br />游戏内个人信息截图（请如实填写，我们会对此进行核实）：牋牋牋牋牋牋牋牋牋牋<br /><br />真实年龄：犂纾0岁牋牋牋牋牋牋牋牋牋<br /><br />真实性别：犂纾袪<br /><br />是否被封号过：例如，无<br /><br />是否以前获得过体验服资格：例如，获得/未获得牋牋牋牋牋牋牋牋<br /><br />所在地：例如，重庆<br /><br />　　是否会使用Office办公软件：例如，是<br /><br />　　现实职业：例如，游戏策划<br /><br />　　简单介绍一下自己以及申请成为测试团的理由：<br /><br /><br />    <br />,http://cfm.qq.com/webplat/info/news_version3/17544/17545/17597/17598/m12811/201604/448008.shtml,穿越火线官方手游运营团队,2016-04-01 00:00:00,,,
喵喵酱分享 新手要注意的那些细节,          <br />,http://cfm.qq.com/webplat/info/news_version3/17544/17545/17597/17599/m12811/201603/438471.shtml,穿越火线官方手游运营团队,2016-03-05 00:00:00,,,
3月18日《火线大乱斗》版本更新公告,      <br />亲爱的玩家：<br />犖烁魑煌婕掖锤胖侍逖椋颐墙<br />3月18日更新全新版本《火线大乱斗》<br />。<br />犕７奔洌<br />3月18日（星期五）2：00-8：00<br />，视情况提前或延后<br />犕７笄<br />全服<br />牳掳姹炯纯闪烊<br />200钻+潘多拉（7天）<br />。<br /><br />【新内容】<br />僵尸狂潮新增炼狱难度：新BOSS（雷霆天使），新掉落（盘龙觉醒石、天使猎弩)<br />休闲模式新增大头大乱斗玩法<br />个人战新增狙战，手枪战和刀战<br />爆破模式新增16人爆破图：新年广场（8V8）、沙漠灰（8V8）<br />爆破模式新增地图：卫星基地（5V5）<br />团队模式新增地图：马厩<br />王者礼包新增无影礼包：包含AK47-无影、巴雷特-极光、M14EBR-火焰、M37-恶棍、夜玫瑰等<br />商城新增武器：M4A1-榴弹，SCAR-S<br />商城新增礼包：盘龙觉醒限时特惠礼包<br />商城新增道具：幻影挑战卡（在多人挑战里有几率挑落传奇幻影角色），盘龙觉醒石<br />游戏内新增投票踢人功能<br />积分赛新增荣誉边框体系<br />【优化内容】<br />福利增加：玩家通过完成日常任务可获得大量钻石<br />积分赛调整：积分等级更符合玩家实力，匹配的对手更加合理，每月赛季结束后发放奖励<br />战队增加活跃机制：战队成员登录游戏、进行战斗等都可以增加战队活跃，从而提升战队的等级和排名<br />多人挑战翻牌评分机制优化：更快击杀BOSS可以得到更好的评价，银卡可以开出极品道具<br />RPK-盘龙可通过盘龙觉醒石觉醒为RPK赤炎盘龙<br />更多武器可通过换购获得：M4A1-SS、AK47-SS、MG3-银色杀手、沙漠之鹰-A等<br />VIP等级优化：上限从V6增加到V8，V7和V8有更多特权和奖励<br />私聊骚扰优化：等级过低的玩家无法使用私聊<br />语音优化：背景杂音被屏蔽，所有模式可以保存上一局使用的语音设置<br />在系统设置里增加了静步按键的选项<br />优化了扫射压枪的手感<br />第三种操作方式增加左手移动的选项<br />生化终结者模式增加进阶训练关卡<br />生化终结者和救世主模式局内购买僵尸按键位置优化<br />修改了雷神开火后无法立刻使用近战攻击的bug, 雷神的特效在烟雾里不会显示<br />修改了屠龙有时视野会放大的bug<br />更多精彩资讯，敬请关注官方公告！<br />《穿越火线：枪战王者》运营团队<br />    <br />,http://cfm.qq.com/webplat/info/news_version3/17544/17545/17597/17598/m12811/201603/442146.shtml,穿越火线官方手游运营团队,2016-03-17 00:00:00,,,
【FAQ】穿越火线正版FPS手游首测激活下载,      <br />如何抢号？<br /><br /><br /><br />　　方法一：登陆穿越火线正版FPS手游官方网站<br />cfm.qq.com<br />，用手机任意扫描页面中的手机QQ或微信的抢号二维码，就有机会抽取穿越火线正版FPS手游中国区首测资格！<br /><br />　　方法二：玩家可以通过微信或者手Q推送的信息来抽取穿越火线正版FPS手游中国区首测资格！<br /><br />　　方法三：关注穿越火线正版FPS手游官方论坛、穿越火线正版FPS手游贴吧、穿越火线正版FPS手游官方微博、手机QQ兴趣部落等媒体并参与抢号活动，获得穿越火线正版FPS手游中国区首测激活码！<br /><br />　　如果你抽中了首测资格，请尽快下载游戏并激活您的帐号，每日激活名额有限！<br /><br />注意事项：<br /><br />　　1、 本次穿越火线正版FPS手游中国区首测只能在安卓设备登录。<br /><br />　　2、 今日未激活的玩家请明日提早登入，每日激活名额有限。<br /><br />　　3、 一人一码一号，绑定账号时只能选择绑定微信账号或QQ账号。<br />    <br />,http://cfm.qq.com/webplat/info/news_version3/17544/17545/17597/17598/m12811/201509/379954.shtml,穿越火线官方手游运营团队,2015-09-21 00:00:00,,,
愚人节新地图、新活动上架公告,      <br />亲爱的玩家：<br />我们将于4月1日愚人节上架全新模式和地图，同时也会推出5大福利活动。<br /><br />【新模式与新地图】<br />（1）全新模式：手雷大乱斗（竞技场、刀锋寨）<br />（2）全新地图：死亡中心（终结者模式、救世主模式）<br />（3）全新地图：水族馆（团队战、团队战自动、人机试炼）<br />（4）百变酒店（藏猫猫）增加品客薯片等新元素<br />（5）游戏大厅背景更换成愚人节特色背景<br /><br />【运营活动】<br />4月1日愚人节带来了一大波福利活动与大家一起度过愉快的假期。<br />（1）无愚伦比，英雄武器屠龙，来！就！送！<br />4.1号当天，登录即送屠龙（1天）<br /><br />（2）愚情未了，幻影MM人人有机会！<br />4.1号当天，登录即送幻影挑战卡*1<br /><br />（3）愚乐无极限，PVP爆头百分百掉钻！<br />4.1-4.4期间，参与竞技或乱斗模式，只要爆头击杀敌人即可100%获得得钻石（不包括人机），每日最高可获得50钻！<br /><br />（4）愚人有礼，充值最高10倍返利<br />该活动仅在4.1号当天开放，充值1元可获得10倍返钻，累计充值198元可获得双倍返钻<br /><br />（5）精明愚人节，特惠商城1钻起！<br />1.4.1号当天，商城如下道具仅需1钻，且单个道具限购1次<br />AWM-A（7天）-满精通、M4A1-A（7天）-满精通、AK47-B（7天）-满精通、RPK-茉莉（7天）-满精通、鞭炮手雷（7天）<br />2.4.1-4.4期间，特惠商城全场打折，猴赛雷-欢庆礼盒低至3折，暗杀星礼包4.5折，盘龙觉醒礼包6折，还有兰、灵狐者、狼牙系列、龙系列<br /><br />《穿越火线：枪战王者》运营团队<br /><br /><br />    <br />,http://cfm.qq.com/webplat/info/news_version3/17544/17545/17597/17598/m12811/201603/447704.shtml,穿越火线官方手游运营团队,2016-03-31 00:00:00,,,
手游视界联合官方共同迎接开学季,          <br />,http://cfm.qq.com/webplat/info/news_version3/17544/17545/17597/17599/m12811/201602/435221.shtml,穿越火线官方手游运营团队,2016-02-24 00:00:00,,,
【全国公开赛第二周】wor稳扎稳打晋级 Astrick一弹双击超神,      <br />腾讯游戏打造的国内最大规模的移动综合性赛事，2016TGA移动游戏大奖赛正在火爆进行时！CF手游在3月12日进行了三月第二周周赛的赛事，安卓和iOS两大战区分别展开激烈争夺，最终来自iOS微信战区的Wor战队积累每场的微弱优势，以5：1击败对手成功晋级，安卓手Q战区的周赛冠军桂冠则由Astrick战队摘得。<br />赛事专题地址：<br />http://w.url.cn/s/AxOT4s7<br />赛事回顾（上）：<br />http://v.qq.com/cover/t/tcwu6b90uaszcfj.html?vid=w0188wtklsr<br />赛事回顾（下）：<br />http://v.qq.com/cover/t/tcwu6b90uaszcfj.html?vid=n0188mnytdt<br />iOS微信战区决赛 Wor稳扎稳打一路顺风晋级<br />第一场是iOS微信战区4进2的比赛，由Wor战队对阵辽宁倾城战队。第一张地图是黑色城镇，辽宁担任保卫者，Wor潜伏者。双方上来在小道进行一个对枪，辽宁战队拔得头筹拿下2个人头。最后Wor以5：4的优势拿下第一场。最后一场Wor战队保卫者，辽宁为潜伏者，由于掉线，辽宁对4对5，处于劣势，最后，Wor战队以5：2再胜一局。最终Wor战队爆点给对方拿下这场比赛。<br />第二张地图运输船，第一波被刷得很惨，但Wor还是稳住了阵脚。保卫者是辽宁，潜伏都是Wor，在辽宁1剂反杀，最后以比分49：50扳回一局。大比分1:1。<br />第三张地图沙漠灰，保卫者是Wor，潜伏者为辽宁战队。第一场被Wor的以枪打死，占一分优势；最后5：1再胜一局。Wor在本张地图打得对手毫无还手之力，最终获胜晋级iOS微信战区决赛。<br />在iOS微信战区决赛中，Wor战队在击败了辽宁战队4进2晋级成功后，继续一路高歌，再次击败决赛对手获得月赛参赛资格。<br />安卓手Q战区4进2 铁血、Astrick脱颖而出<br />安卓手Q战区4进2第一场是由辽宁倾城二队对战铁血战士。第一张地图黑色之城中，铁血战士为保卫者一方，辽宁为潜伏者一方。开局3打5，辽宁战队占了优势；最后1打4铁血5：3拿下第一张地图。下半场双方互换阵容，潜队伏者为铁血，保卫者辽宁战队，最后一分的时候大家抱团，1换1，最后铁血4：1，铁血战队拿到这张地图。<br />第二张地图运输船，潜伏者是辽宁战队，保卫者一方是铁血战队。第一波铁血占有较大优势，最后铁血以60：33，再度拿下张二张地图，成功晋级。<br />安卓手Q战区4进2第二场Astrick对战秩序。第一张黑色城镇中，保卫为秩序，潜伏者为Astrick；最后秩序5：4拿到黑色城镇。下半场，Astrick为保卫者，秩序是潜伏者；上来双方1换1，最后秩序以5：4拿下张一张地图。<br />张二张地图运输船，秩序以激进的打法快速的以50：33拿下张二张地图。<br />第三张地图沙漠灰，保卫者一方是秩序，潜伏者一方为Astrick。第一局Astrick双杀以5：1获胜。下半场，保卫者Astrick，潜伏者是铁序，第一波双方1：1，Astrick拿下塞点。下半场Astrick2：1获胜，成功晋级月赛。<br />安卓手Q战区决赛<br />安卓手Q战区决赛Astrick对战铁血战士，双方第一张地图来到了黑色城，铁血是潜伏者一方，Astrick为保卫者一方。最后Astrick以5：4拿下第一局。下半场双方交换阵容，Astrick凭借前面的两个击杀的优势，最后以5：3拿下这一张地图的胜利。<br />第二张地图运输船，保卫者铁血战士，潜伏者Astrick。Astrick一枪两个拿下优势，最后以50：43获胜。拿下这一张地图。<br />2016TGA移动游戏大奖赛CF手游项目三月第二周周赛圆满落幕，最终Wor、Astrick分别获得本周iOS战区、安卓战区的周冠军，拿到了晋级月赛的入场券。最后我们也期待着，在月赛中可以看到这两支战队带来更加精彩的枪战表现。<br />关于TGA移动游戏大奖赛<br />TGA移动游戏大奖赛，是腾讯游戏打造的国内最大规模的移动综合性赛事。赛事面向人数众多的移动游戏玩家，以最热门的移动游戏为参赛项目，线上周赛和线下月赛相结合，晋级选手将登上TGA大奖赛舞台进行终极对决，更有机会和娱乐明星、人气选手、热门主播进行面对面的PK较量。<br />    <br />,http://cfm.qq.com/webplat/info/news_version3/17544/17545/17597/17599/m12811/201603/441549.shtml,穿越火线官方手游运营团队,2016-03-15 00:00:00,http://ossweb-img.qq.com/upload/webplat/info/cfm/20160315/1458050395177309.jpg,http://ossweb-img.qq.com/upload/webplat/info/cfm/20160315/1458050402411881.jpg,http://ossweb-img.qq.com/upload/webplat/info/cfm/20160315/1458050416142985.jpg
穿越火线正版FPS手游今日17点正式开服！,      <br />各位亲爱的玩家：<br /><br />　　穿越火线正版FPS手游原定于12点开枪激活码并开服，但首测人气火爆，运营团队追加服务器，预计17：00正式开服，激活码抽取和启动游戏下载及测试正常进行，抽中首测资格的玩家请尽快登录游戏进行帐号激活，每日激活用户有限，欢迎玩家进行体验。<br /><br />　　穿越火线正版FPS手游首次测试目前只支持安卓手机。祝您游戏愉快。<br /><br /><br /><br />　　更多精彩内容尽注：<br /><br />　　CF正版FPS手游官方网站：<br />http://cfm.qq.com<br />　　CF正版FPS手游官方微博：<br />http://weibo.com/cf2015<br />　<br />　　CF正版FPS手游官方论坛：<br />http://cfm.bbs.g.qq.com<br />    <br />,http://cfm.qq.com/webplat/info/news_version3/17544/17545/17597/17598/m12811/201509/379920.shtml,穿越火线官方手游运营团队,2015-09-21 00:00:00,,,
【全国公开赛】三月赛巅峰之战！让你感受枪法的淋漓尽致！,          <br />,http://cfm.qq.com/webplat/info/news_version3/17544/17545/17597/17599/m12811/201603/445636.shtml,穿越火线官方手游运营团队,2016-03-25 00:00:00,,,
CF手游穿越火线枪战王者寒假作业 上传战绩赢QB,          <br />,http://cfm.qq.com/webplat/info/news_version3/17544/17545/17597/17601/m12811/201602/435220.shtml,穿越火线官方手游运营团队,2016-02-24 00:00:00,,,
QGC大师赛复赛火热进行中,          <br />,http://cfm.qq.com/webplat/info/news_version3/17544/17545/17597/17599/m12811/201603/441547.shtml,穿越火线官方手游运营团队,2016-03-15 00:00:00,,,
CF官方正版FPS手游今日安卓首测,      <br />　　近日，CF官方正版FPS手游《穿越火线：枪战王者》官方网站上线，向外界宣告了这一超人气FPS网游移动端版本的正式登场。官方网站上，不光披露了CF官方正版FPS手游的玩法内容，为玩家奉上了激情的介绍视频，同时还宣布将于9月21日开启游戏首次测试。<br /><br />　　CF官方正版FPS手游《穿越火线：枪战王者》官网链接：<br />http://cfm.qq.com/<br /><br />　　CF官方正版FPS手游《穿越火线：枪战王者》首测视频：<br />http://v.qq.com/page/d/k/v/d0018mvoskv.html<br /><br /><br /><br /><br /> <br />　　<br />【与玩家相约9.21 安卓版本率先发布】<br /><br />　　为让广大玩家尽早体验到原汁原味的移动端枪战游戏体验，CF官方正版FPS手游在正式发布后就迅速开启首次测试，将与玩家相约9月21日，开启游戏首测抢号活动。<br /><br /><br /><br /><br /> <br />　　首次测试目前只支持安卓手机，玩家可以通过官网（<br />cfm.qq.com<br />）、微信或者QQ等多种渠道抽取首测资格，抽中的玩家请尽快下载游戏，激活账号，每日激活人数有限；首测期间玩家每天都可以进行首测资格抽取，快来尝试一下吧。<br /><br /><br /><br /><br /><br /><br />　　<br />【继承原作精髓 延续经典枪战体验】<br /><br />　　作为由穿越火线研发商韩国Smilegate及腾讯游戏联合打造的CF正统FPS移动端产品，《穿越火线：枪战王者》从世界观、玩法模式、操作规则等多个方面完美继承原作精髓。依旧是保卫者和潜伏着的斗争贯穿始终；依旧拥有爆破模式、个人竞技、团队竞技等经典玩法；依旧是左手控制玩家移动，右手控制瞄准和射击的操作方式；这些熟悉的元素将让亿万玩家的枪战梦想完美延续至移动端。<br /><br /><br /><br /><br />　　通过融入这些已广受玩家认可的经典内容，CF官方正版FPS手游的质量已经得到保证，再加上次世代引擎所带来的超高清画面质感，开发商为手机端进行的大力度适配和优化，意味着《穿越火线：枪战王者》可以带给用户不亚于PC端的枪战游戏体验。<br /><br /><br /><br /><br />　　另一方面，针对手机游戏的特性，《穿越火线：枪战王者》在首测中还推出移动端独有的剧情闯关和阵地战模式，前者是以穿越火线PC端的世界观为背景，玩家扮演一名特种部队的英雄，与战友们一同对抗生化怪兽，踏入拯救世界的征程；后者是为手机端设计的更为轻度，操作更容易上手的模式，其地图中间是一条不可跨越的战壕，而潜伏者和保卫者需要在战壕两段远距离精确击杀敌人，在体验击杀快感的同时，也方便玩家熟悉手机端操作。这些独有内容的推出，无疑更让9月21日的首测令人期待！<br /><br /><br /><br /><br /> <br />　　多详情请关注：<br /><br />　　CF正版FPS手游官方网站：<br />http://cfm.qq.com<br />　　CF正版FPS手游官方微博：<br />http://weibo.com/cf2015<br />　　CF正版FPS手游官方论坛：<br />http://cfm.bbs.g.qq.com<br />    <br />,http://cfm.qq.com/webplat/info/news_version3/17544/17545/17597/17599/m12811/201509/379794.shtml,穿越火线官方手游运营团队,2015-09-21 00:00:00,http://ossweb-img.qq.com/upload/webplat/info/cfm/201509/1442763210_1436653066_15092_imageAddr.jpg,http://ossweb-img.qq.com/upload/webplat/info/cfm/201509/1442763232_1436653066_15165_imageAddr.jpg,http://ossweb-img.qq.com/upload/webplat/info/cfm/201509/1442763256_1436653066_15552_imageAddr.jpg
CF手游全国公开赛激战不歇 三月邀请赛高潮将至,      <br />牎洞┰交鹣撸呵拐酵跽摺罚虺疲篊FM）全国公开赛，正赛报名正式开始啦！报名即得3天赛事套装，更公平的海选排位系统，在积分赛中磨练你的实力，我们将会邀请你进入周赛决赛圈！快来报名吧！报名链接：PC端：http://cfm.qq.com/cp/a20160302match/index.htm<br />　　CFM全国公开赛第二赛季于三月初登陆TGA移动大奖赛平台，目前正在火热进行中。上周末，赛事三月邀请赛阶段第三周比赛已经顺利结束，iOS战区“辽宁倾城”和安卓战区“秩序”成功晋级，成为最后两支获得三月月赛门票的队伍，在接下来的三月最后一周，前三周晋级的六支队伍将为CFM全国公开赛总决赛的两个名额展开更加激烈、精彩的战斗！<br />CFM全国公开赛官方网址>>><br />http://cfm.qq.com/cp/a20160302match/index.htm<br />【辽宁倾城、秩序两队晋级 牷竦米詈笤氯睢<br />　　CFM全国公开赛以零门槛报名的方式，邀请全国玩家参与指尖电竞对抗。比赛共分为三月邀请赛，四、五月常规赛和全国总决赛三阶段赛场，在上周结束的三月邀请赛第三周周赛中，iOS战区“辽宁倾城”和安卓战区“秩序”脱颖而出，获得了下周月赛资格。<br />在上周比赛中，作为国内顶尖俱乐部之一的“辽宁倾城”发挥出色，在4进2比赛中就以2：0大比分击败“Glos骑士团5队”，随后气势如虹击败另一晋级队DT，成功获得IOS战区月赛出现名额。而在安卓战区，最终优胜的“秩序”战队也有精彩发挥，队员时有双杀、预判精准等优秀表现。先是在安卓手Q组击败“King.”，随后在对阵“鐵桖戦仕”的安卓区决赛中先抑后扬，在先丢一分的情况下，奋起反击，最后2：1逆转比分，获得最后一个月赛名额。<br />【三月邀请赛高潮将至 犓艿巧先鋈杼ǎ俊<br />　　在上周比赛顺利结束后，CFM全国公开赛第二赛季三月邀请赛的周赛就已全部结束。在本周末，包括以上提到的辽宁倾城、秩序在内的共计六支周赛冠军队伍将汇聚一堂，展开更激烈对抗。根据赛事规则，三月月赛的冠亚军队伍才有资格参与六月举行的线下全国总决赛，相信为了登上这一CFM最高水准的赛事舞台，六支晋级战队将在本周为玩家呈现炫目的电竞盛宴！<br />　　<br />《穿越火线：枪战王者》全国公开赛第二赛季“三月邀请赛”周赛阶段宣告结束，本周将展开更高水平的月赛对决，精彩敬请关注。与此同时，以积分赛排名为依据的四月常规赛海选已经正式开始，想要参加比赛，一圆电竞梦想的玩家们赶紧邀上战友参与报名吧！<br />CF正版FPS手游官方网站：<br />http://cfm.qq.com<br />CF正版FPS手游官方论坛：<br />http://cfm.bbs.g.qq.com<br />CF正版FPS手游官方微博：<br />http://weibo.com/cf2015<br />    <br />,http://cfm.qq.com/webplat/info/news_version3/17544/17545/17597/17599/m12811/201603/443490.shtml,穿越火线官方手游运营团队,2016-03-21 00:00:00,http://ossweb-img.qq.com/upload/webplat/info/cfm/20160321/1458568703801538.jpg,http://ossweb-img.qq.com/upload/webplat/info/cfm/20160321/1458568747846510.jpg,
说出你的故事 海量QB求带走,          <br />,http://cfm.qq.com/webplat/info/news_version3/17544/17545/17597/17601/m12811/201602/435093.shtml,穿越火线官方手游运营团队,2016-02-24 00:00:00,,,
官方授权小鸡手柄！更新双手装备，点燃火线乱斗！,      <br />小鸡手柄&CF手游 合作专题：<br />http://cf.xiaoji.com/<br />CF官方正版FPS手游《穿越火线：枪战王者》三月最新版本“火线大乱斗”已经正式上线！在这个版本中，游戏迎来一项重大更新，iOS和Android全面支持游戏手柄操作。CF手游与国内专业的手机游戏手柄厂商小鸡手柄强强联手，成为战略合作伙伴，给各位CFer带来不同的战斗体验！<br /><br /><br />牋CF手游是FPS手游中的佼佼者，而小鸡手柄一直致力于为玩家们打造新潮炫酷的游戏体验。小鸡手柄成为带着你畅游酷玩潮流的标志，你的操作一定会让队友们和围观群众大呼666；你在战绩榜中头像上的金色ACE会让人惊叹大神！<br /><br />牋官方合作的小鸡手柄，将为战友们提供怎样的体验？<br />宛如真实场景的超爽打击感<br />牋CFer们有没有发现，拿起外设就好像提起了一把真枪？小鸡手柄想要带给战友们的就是这样一种身临其境、高度还原的体验！走位、转向，看清楚屏幕中各个角落，紧张；扣动扳机键，子弹随手指扣下的一刹那射出，刺激！解放你的眼球，调动你的双手，冲上去战个痛快！<br /><br />控制一气呵成的流畅操作感<br />牋CF手游的操作模式是非常丰富的，除了常规移动瞄准射击之外，战场上的填弹、切枪、手雷、下蹲、跳跃、切换背包等，挑战模式的互动、技能激活、地图等，多样化的功能也成为CF手游的特色之一。小鸡手柄按键键位完整，专门为CF手游设计、符合人体工学的按键布局在最大程度上保证了战友们操作的流畅，合理的按键安排更是给各种花样秀操作创造了条件——跳出后空中爆头？简单！！<br /><br />牋对各位忠实的CFer来说，一个舒服的游戏手柄就是你游戏之外最好的一把神装，而小鸡手柄的出现也将给FPS游戏带来一种前所未有的清新体验。后面，小鸡手柄还将和CF手游官方开展更多深入的合作，既然要潮玩，那就一潮到底！<br />牋既要玩得炫，又要玩得溜！拿起你的装备，提高你的枪技，点燃火线大乱斗！<br />    <br />,http://cfm.qq.com/webplat/info/news_version3/17544/17545/17597/17599/m12811/201603/443488.shtml,穿越火线官方手游运营团队,2016-03-21 00:00:00,http://static.video.qq.com/TPout.swf?vid=h0189drq76g&auto=0,http://ossweb-img.qq.com/upload/webplat/info/cfm/20160321/1458568366111451.jpg,http://ossweb-img.qq.com/upload/webplat/info/cfm/20160321/1458568399416479.jpg
